Account ID,SAUCE Amount,Airdrop Status,Airdrop TX ID
0.0.732798,1.175606067,SUCCESS,0.0.4138717@1701632311.786119801
0.0.3958740,0.646124355,SUCCESS, 0.0.4138717@1701632315.415349977
0.0.3958737,0.00905832,SUCCESS, 0.0.4138717@1701632323.977854508
0.0.1265153,1.578879612,SUCCESS, 0.0.4138717@1701632331.370769347
0.0.512388,763.3637077,SUCCESS, 0.0.4138717@1701632333.108687952
0.0.1930477,82702.56198,SUCCESS, 0.0.4138717@1701632337.174929021
0.0.165981,35.35528104,SUCCESS, 0.0.4138717@1701632342.285480900
0.0.1085174,614.7997908,SUCCESS, 0.0.4138717@1701632354.599442749
0.0.731789,3.694207476,SUCCESS, 0.0.4138717@1701632357.532286714
0.0.692862,288.9196951,SUCCESS, 0.0.4138717@1701632361.974646150
0.0.2020300,314.4644292,SUCCESS, 0.0.4138717@1701632370.267559376
0.0.458059,1284.640345,SUCCESS, 0.0.4138717@1701632371.767188747
0.0.910310,186.2389865,SUCCESS, 0.0.4138717@1701632379.320014914
0.0.3000334,26.28602974,SUCCESS, 0.0.4138717@1701632383.773398509
0.0.7951,172198.982,SUCCESS, 0.0.4138717@1701632383.664271826
0.0.846835,1499.498822,SUCCESS, 0.0.4138717@1701632391.483679086
0.0.525256,7514.989405,SUCCESS, 0.0.4138717@1701632397.677540315
0.0.949180,2988.545161,SUCCESS, 0.0.4138717@1701632404.403818399
0.0.1325925,59208.94892,SUCCESS, 0.0.4138717@1701632408.589411096
0.0.2245713,148.8384317,SUCCESS, 0.0.4138717@1701632415.240381966
0.0.896788,1755.206628,SUCCESS, 0.0.4138717@1701632421.828170977
0.0.887415,1008.954204,SUCCESS, 0.0.4138717@1701632427.151297527
0.0.1109942,763.9329057,SUCCESS, 0.0.4138717@1701632431.539344467
0.0.732888,1384.480073,SUCCESS, 0.0.4138717@1701632437.291169723
0.0.1485035,9466.7596,SUCCESS, 0.0.4138717@1701632439.353040397
0.0.1309628,2932.617158,SUCCESS, 0.0.4138717@1701632444.744134827
0.0.825160,2598.277213,SUCCESS, 0.0.4138717@1701632452.189795155
0.0.660703,641.2027496,SUCCESS, 0.0.4138717@1701632456.737576355
0.0.842247,494.5416672,SUCCESS, 0.0.4138717@1701632460.866415316
0.0.1120955,188.7967733,SUCCESS, 0.0.4138717@1701632471.114408398
0.0.1093446,5410.928266,SUCCESS, 0.0.4138717@1701632474.820005727
0.0.1154193,20.8705136,SUCCESS, 0.0.4138717@1701632481.687248264
0.0.1419835,785.7615189,SUCCESS, 0.0.4138717@1701632487.971310420
0.0.838062,754.3470759,SUCCESS, 0.0.4138717@1701632493.946373691
0.0.795476,8384.681773,SUCCESS, 0.0.4138717@1701632498.940787782
0.0.1425530,53.40722673,SUCCESS, 0.0.4138717@1701632501.104670925
0.0.1103122,758.7743115,SUCCESS, 0.0.4138717@1701632526.601791676
0.0.1993418,28.96750428,SUCCESS, 0.0.4138717@1701632535.20413486
0.0.1353438,496.7854095,SUCCESS, 0.0.4138717@1701632541.279709986
0.0.1970600,0.819203013,SUCCESS, 0.0.4138717@1701632549.168522056
0.0.845642,54.27368826,SUCCESS, 0.0.4138717@1701632553.236425547
0.0.733192,2.278923332,SUCCESS, 0.0.4138717@1701632561.666024502
0.0.1786431,151.2779947,SUCCESS, 0.0.4138717@1701632562.435251381
0.0.860058,0.603097791,SUCCESS, 0.0.4138717@1701632571.61144379
0.0.159159,24.6673564,SUCCESS, 0.0.4138717@1701632576.395187858
0.0.1152713,20391.57495,SUCCESS, 0.0.4138717@1701632584.313965400
0.0.1274087,0.02906507,SUCCESS, 0.0.4138717@1701632583.586819271
0.0.1263006,0.021082608,SUCCESS, 0.0.4138717@1701632591.439238181
0.0.1396279,1834.77611,SUCCESS, 0.0.4138717@1701632596.993389331
0.0.1378130,234.3805043,SUCCESS, 0.0.4138717@1701632603.885922147
0.0.972955,0.007372959,SUCCESS, 0.0.4138717@1701632609.921947746
0.0.1483886,590.6880045,SUCCESS, 0.0.4138717@1701632617.446630770
0.0.881395,6.886933524,SUCCESS, 0.0.4138717@1701632624.531339460
0.0.660921,0.926381428,SUCCESS, 0.0.4138717@1701632627.39614086
0.0.1415474,4167.098232,SUCCESS, 0.0.4138717@1701632633.184458919
0.0.53416,4692.243498,SUCCESS, 0.0.4138717@1701632640.447615472
0.0.965222,792.9912076,SUCCESS, 0.0.4138717@1701632641.515013420
0.0.1453734,255.3608934,SUCCESS, 0.0.4138717@1701632646.631644578
0.0.732317,1033.615709,SUCCESS, 0.0.4138717@1701632653.376572710
0.0.480138,493.8784962,SUCCESS, 0.0.4138717@1701632661.497534349
0.0.686304,1.006501324,SUCCESS, 0.0.4138717@1701632664.457292813
0.0.853175,227.8188994,SUCCESS, 0.0.4138717@1701632667.120028029
0.0.767006,417.8719205,SUCCESS, 0.0.4138717@1701632688.276453380
0.0.643109,31.60100546,SUCCESS, 0.0.4138717@1701632691.586325210
0.0.3441589,0.003567091,SUCCESS, 0.0.4138717@1701632699.256651255
0.0.1974872,1621.723658,SUCCESS, 0.0.4138717@1701632706.595347336
0.0.2875412,157.1592774,SUCCESS, 0.0.4138717@1701632719.265167789
0.0.2185216,1809.571862,SUCCESS, 0.0.4138717@1701632721.810427218
0.0.499534,11593.83271,SUCCESS, 0.0.4138717@1701632731.332932602
0.0.1068842,149.1917298,SUCCESS, 0.0.4138717@1701632743.304489947
0.0.582024,0.000898056,SUCCESS, 0.0.4138717@1701632758.648398969
0.0.820741,2530.510044,SUCCESS, 0.0.4138717@1701632773.682336863
0.0.204362,1.307066543,SUCCESS, 0.0.4138717@1701632794.880986770
0.0.1441316,25.04842909,SUCCESS, 0.0.4138717@1701632799.811795780
0.0.848650,3.594750815,SUCCESS, 0.0.4138717@1701632804.500844870
0.0.3962675,14634.06864,SUCCESS, 0.0.4138717@1701632810.787299541
0.0.622222,372.2628976,SUCCESS, 0.0.4138717@1701632822.888534899
0.0.836658,2408.864794,SUCCESS, 0.0.4138717@1701632828.808489705
0.0.3005275,0.360129945,SUCCESS, 0.0.4138717@1701632841.375949408
0.0.841014,0.097943723,SUCCESS, 0.0.4138717@1701632850.172118211
0.0.833306,3919.042315,SUCCESS, 0.0.4138717@1701632855.661412507
0.0.1899744,1.005001956,SUCCESS, 0.0.4138717@1701632870.688544248
0.0.3288680,14.09821408,SUCCESS, 0.0.4138717@1701632887.791949576
0.0.684055,3.547607364,SUCCESS, 0.0.4138717@1701632903.154558914
0.0.836688,401.5174844,SUCCESS, 0.0.4138717@1701632917.170855420
0.0.3845966,45.65741152,SUCCESS, 0.0.4138717@1701632930.531615736
0.0.3948479,2.697334779,NOT_ASSOCIATED,
0.0.3961176,0.810676645,NOT_ASSOCIATED,
0.0.2964532,2.314318778,NOT_ASSOCIATED,
0.0.829414,24.47645171,SUCCESS, 0.0.4138717@1701635373.817389703
0.0.982545,3.775912439,SUCCESS, 0.0.4138717@1701635376.543685621
0.0.732516,25.60495416,SUCCESS, 0.0.4138717@1701635381.755527574
0.0.1037917,0.668895524,SUCCESS, 0.0.4138717@1701635387.550462770
0.0.1082789,8339.585465,SUCCESS, 0.0.4138717@1701635388.854783806
0.0.1077700,502.7374626,SUCCESS, 0.0.4138717@1701635400.284791219
0.0.512814,3.712362681,SUCCESS, 0.0.4138717@1701635405.513567489
0.0.1282050,1535.270749,SUCCESS, 0.0.4138717@1701635408.355902880
0.0.690873,21.5223321,SUCCESS, 0.0.4138717@1701635417.105055204
0.0.1067361,12495.00132,SUCCESS, 0.0.4138717@1701635421.629021483
0.0.2141800,3.547356496,SUCCESS, 0.0.4138717@1701635426.926900248
0.0.1399945,1.154247366,SUCCESS, 0.0.4138717@1701635431.081127217
0.0.886182,55.84293119,SUCCESS, 0.0.4138717@1701635436.940408006
0.0.338877,222.5894278,SUCCESS, 0.0.4138717@1701635444.010102296
0.0.732720,1.733518765,SUCCESS, 0.0.4138717@1701635448.766558410
0.0.731707,188.7370602,SUCCESS, 0.0.4138717@1701635452.895983617
0.0.1465114,0.146493176,SUCCESS, 0.0.4138717@1701635457.253937476
0.0.943248,32.55855334,SUCCESS, 0.0.4138717@1701635464.707653333
0.0.1487109,1336.962373,SUCCESS, 0.0.4138717@1701635470.165132180
0.0.585529,0.356994707,SUCCESS, 0.0.4138717@1701635472.781837456
0.0.964888,0.000945296,SUCCESS, 0.0.4138717@1701635479.778434823
0.0.651457,648.658795,SUCCESS, 0.0.4138717@1701635483.035757648
0.0.1433179,0.027789026,SUCCESS, 0.0.4138717@1701635493.861924135
0.0.1057328,3.220932611,SUCCESS, 0.0.4138717@1701635502.380712931
0.0.731977,16.66518724,SUCCESS, 0.0.4138717@1701635504.009397234
0.0.842540,0.002702403,SUCCESS, 0.0.4138717@1701635511.288835698
0.0.1054756,8134.561988,SUCCESS, 0.0.4138717@1701635516.519361563
0.0.835588,3.39E-07,SUCCESS, 0.0.4138717@1701635526.675672476
0.0.1078483,3182.070138,SUCCESS, 0.0.4138717@1701635532.665405051
0.0.1071830,2.680371069,SUCCESS, 0.0.4138717@1701635538.759059508
0.0.904709,267.7459163,SUCCESS, 0.0.4138717@1701635546.411357554
0.0.1008009,12474.72576,SUCCESS, 0.0.4138717@1701635550.967374174
0.0.826747,1.171662025,SUCCESS, 0.0.4138717@1701635557.812501577
0.0.3929354,148.9790203,SUCCESS, 0.0.4138717@1701635561.636450046
0.0.835827,51.64064278,SUCCESS, 0.0.4138717@1701635566.047079726
0.0.3965633,0.061314556,SUCCESS, 0.0.4138717@1701635573.081222839
0.0.1075172,21.75135221,SUCCESS, 0.0.4138717@1701635578.944194547
0.0.850535,0.12717762,SUCCESS, 0.0.4138717@1701635583.486599181
0.0.858824,1.794967251,SUCCESS, 0.0.4138717@1701635590.891292591
0.0.7916,4.136272555,SUCCESS, 0.0.4138717@1701635592.184454618
0.0.837749,103.2163277,SUCCESS, 0.0.4138717@1701635597.814892635
0.0.814196,0.08428145,SUCCESS, 0.0.4138717@1701635602.665593276
0.0.885454,5.303748687,SUCCESS, 0.0.4138717@1701635609.560795347
0.0.1424665,1.92E-07,SUCCESS, 0.0.4138717@1701635621.120656711
0.0.1081106,0.023713332,SUCCESS, 0.0.4138717@1701635624.626991497
0.0.985573,0.431408975,SUCCESS, 0.0.4138717@1701635630.678815382
0.0.831203,0.002634544,SUCCESS, 0.0.4138717@1701635634.734971981
0.0.821010,0.004662774,SUCCESS, 0.0.4138717@1701635636.388403844
0.0.1421971,5.58354994,SUCCESS, 0.0.4138717@1701635647.445154435
0.0.663424,0.000443026,SUCCESS, 0.0.4138717@1701635654.053065481
0.0.565201,3397.723735,SUCCESS, 0.0.4138717@1701635663.061148323
0.0.849326,92.64368567,SUCCESS, 0.0.4138717@1701635664.168797469
0.0.665092,6.986683983,SUCCESS, 0.0.4138717@1701635668.940161041
0.0.730273,94.1206779,SUCCESS, 0.0.4138717@1701635678.266391090
0.0.1315573,0.863954655,SUCCESS, 0.0.4138717@1701635679.516039632
0.0.853275,13865.56951,SUCCESS, 0.0.4138717@1701635684.132919356
0.0.1263649,3.705937857,SUCCESS, 0.0.4138717@1701635694.242142129
0.0.793945,0.005758257,SUCCESS, 0.0.4138717@1701635698.519835173
0.0.895105,4.669330422,SUCCESS, 0.0.4138717@1701635706.225864684
0.0.301056,1.44E-07,SUCCESS, 0.0.4138717@1701635713.911280795
0.0.512336,1.098444569,SUCCESS, 0.0.4138717@1701635720.746293036
0.0.1728068,76.69250539,SUCCESS, 0.0.4138717@1701635726.030253396
0.0.3240649,0.070938013,SUCCESS, 0.0.4138717@1701635729.174349188
0.0.1745927,0.000111241,SUCCESS, 0.0.4138717@1701635734.911254980
0.0.836544,0.053718093,SUCCESS, 0.0.4138717@1701635742.294951725
0.0.1033493,189.4337325,SUCCESS, 0.0.4138717@1701635743.362463794
0.0.725921,19.97936762,SUCCESS, 0.0.4138717@1701635751.312274861
0.0.835095,0.238397469,SUCCESS, 0.0.4138717@1701635756.561116967
0.0.882389,16606.3962,SUCCESS, 0.0.4138717@1701635764.999663117
0.0.3359892,3089.74011,SUCCESS, 0.0.4138717@1701635769.848307264
0.0.1427437,3.06E-07,SUCCESS, 0.0.4138717@1701635774.157563748
0.0.2947192,3.429198349,SUCCESS, 0.0.4138717@1701635785.225864412
0.0.1121753,10.37038539,SUCCESS, 0.0.4138717@1701635792.698459592
0.0.1300860,0.14965736,SUCCESS, 0.0.4138717@1701635796.837573590
0.0.834774,2.683231937,SUCCESS, 0.0.4138717@1701635803.670915280
0.0.950545,26216.32891,SUCCESS, 0.0.4138717@1701635807.089843085
0.0.3508859,525.1481037,SUCCESS, 0.0.4138717@1701635811.791267578
0.0.842953,5037.251789,SUCCESS, 0.0.4138717@1701635816.656296561
0.0.1068573,24.96656111,SUCCESS, 0.0.4138717@1701635823.749664496
0.0.580994,18.22762532,SUCCESS, 0.0.4138717@1701635826.704301479
0.0.873435,268.9252582,SUCCESS, 0.0.4138717@1701635833.182110669
0.0.732759,0.000302031,SUCCESS, 0.0.4138717@1701635837.933566063
0.0.596908,722.6572829,SUCCESS, 0.0.4138717@1701635849.637851266
0.0.509141,267.8044967,SUCCESS, 0.0.4138717@1701635853.693737833
0.0.1000883,1.970135007,SUCCESS, 0.0.4138717@1701635857.159226297
0.0.791245,0.042031822,SUCCESS, 0.0.4138717@1701635861.465664967
0.0.2773436,1096.959593,SUCCESS, 0.0.4138717@1701635872.519441761
0.0.3959238,315.2829873,NOT_ASSOCIATED,
0.0.836048,3454.83315,SUCCESS, 0.0.4138717@1701635879.130181131
0.0.837345,6.512580102,SUCCESS, 0.0.4138717@1701635886.423836662
0.0.481399,0.980975872,SUCCESS, 0.0.4138717@1701635888.426683739
0.0.1463079,5328.058885,SUCCESS, 0.0.4138717@1701635892.388385932
0.0.3857044,195.9916161,SUCCESS, 0.0.4138717@1701635895.968871441
0.0.1715837,1200.103992,SUCCESS, 0.0.4138717@1701635902.445274232
0.0.1065306,0.797582721,SUCCESS, 0.0.4138717@1701635909.483235880
0.0.3282890,62.21155597,SUCCESS, 0.0.4138717@1701635910.661273133
0.0.973499,625.0856161,SUCCESS, 0.0.4138717@1701635914.978681963
0.0.822616,14465.35535,SUCCESS, 0.0.4138717@1701635921.129896794
0.0.3952180,3880.538067,SUCCESS, 0.0.4138717@1701635926.489662165
0.0.834432,5.065250114,SUCCESS, 0.0.4138717@1701635930.773164018
0.0.206863,0.154213246,SUCCESS, 0.0.4138717@1701635935.017760384
0.0.735175,5.484238028,SUCCESS, 0.0.4138717@1701635941.771961266
0.0.1105263,0.120162021,SUCCESS, 0.0.4138717@1701635945.838828678
0.0.827428,0.03594897,SUCCESS, 0.0.4138717@1701635955.503153406
0.0.835807,0.048264935,SUCCESS, 0.0.4138717@1701635962.172508550
0.0.834396,969.7493379,SUCCESS, 0.0.4138717@1701635966.681230310
0.0.1923201,0.047851998,NOT_ASSOCIATED,
0.0.955861,3.068877535,SUCCESS, 0.0.4138717@1701635974.307195438
0.0.845714,10.34951293,SUCCESS, 0.0.4138717@1701635976.463193205
0.0.850514,0.118842366,SUCCESS, 0.0.4138717@1701635982.860154370
0.0.777732,62.29922594,SUCCESS, 0.0.4138717@1701635986.909147880
0.0.1113738,1.6207E-05,SUCCESS, 0.0.4138717@1701635989.057428247
0.0.1068619,0.011414236,SUCCESS, 0.0.4138717@1701635997.133239855
0.0.1364943,299.4697586,SUCCESS, 0.0.4138717@1701636001.545918365
0.0.762068,966.5827578,SUCCESS, 0.0.4138717@1701636006.147638169
0.0.1977861,0.551977208,SUCCESS, 0.0.4138717@1701636010.199876137
0.0.10754,116983.5516,SUCCESS, 0.0.4138717@1701636013.311853687
0.0.2174034,0.232436489,SUCCESS, 0.0.4138717@1701636017.482526274
0.0.2020938,2.23E-08,SUCCESS, 0.0.4138717@1701636025.952021130
0.0.659974,19.24713017,SUCCESS, 0.0.4138717@1701636027.799330296
0.0.1061257,0.013944449,SUCCESS, 0.0.4138717@1701636031.836999855
0.0.150654,2248.575502,SUCCESS, 0.0.4138717@1701636042.197174871
0.0.3293982,0.064640728,SUCCESS, 0.0.4138717@1701636047.167494794
0.0.1707858,208.1355126,SUCCESS, 0.0.4138717@1701636050.242433640
0.0.827132,1827.82846,SUCCESS, 0.0.4138717@1701636056.378565963
0.0.820781,32403.79253,SUCCESS, 0.0.4138717@1701636061.156080030
0.0.958821,15.83334778,SUCCESS, 0.0.4138717@1701636067.914705224
0.0.46459,0.010289794,SUCCESS, 0.0.4138717@1701636074.340714673
0.0.892604,3.611810769,SUCCESS, 0.0.4138717@1701636079.628111029
0.0.825220,8.316703421,SUCCESS, 0.0.4138717@1701636088.819594720
0.0.3692331,5488.789592,SUCCESS, 0.0.4138717@1701636093.970099443
0.0.838772,3.934829128,SUCCESS, 0.0.4138717@1701636097.021690644
0.0.834832,21968.63007,SUCCESS, 0.0.4138717@1701636106.613319538
0.0.1088074,1081.980576,SUCCESS, 0.0.4138717@1701636108.937094605
0.0.642684,0.056920385,SUCCESS, 0.0.4138717@1701636113.557952218
0.0.696175,1.0432E-06,SUCCESS, 0.0.4138717@1701636120.489969276
0.0.939841,1.26846E-05,SUCCESS, 0.0.4138717@1701636127.980153822
0.0.838791,0.01213753,SUCCESS, 0.0.4138717@1701636132.481907229
0.0.840290,136.1161256,SUCCESS, 0.0.4138717@1701636145.555906157
0.0.831897,0.175710826,SUCCESS, 0.0.4138717@1701636146.799524461
0.0.842210,75.45665607,SUCCESS, 0.0.4138717@1701636152.848408768
0.0.966012,0.003634369,SUCCESS, 0.0.4138717@1701636160.162753870
0.0.664593,70.66440119,SUCCESS, 0.0.4138717@1701636164.924366011
0.0.3961912,1.33E-07,SUCCESS, 0.0.4138717@1701636168.581517390
0.0.454916,0.009385664,SUCCESS, 0.0.4138717@1701636173.028092615
0.0.1463494,0.153550555,SUCCESS, 0.0.4138717@1701636178.578466603
0.0.787834,271.3171468,SUCCESS, 0.0.4138717@1701636189.493852049
0.0.842594,53.42021023,SUCCESS, 0.0.4138717@1701636198.298441525
0.0.730363,72.74718845,SUCCESS, 0.0.4138717@1701636202.735860360
0.0.838654,3830.962479,SUCCESS, 0.0.4138717@1701636211.673717853
0.0.953848,0.011056419,SUCCESS, 0.0.4138717@1701636220.308696900
0.0.837544,0.513416661,SUCCESS, 0.0.4138717@1701636227.633500514
0.0.866031,0.044425729,SUCCESS, 0.0.4138717@1701636230.448523903
0.0.1070346,1.044504982,SUCCESS, 0.0.4138717@1701636235.864380413
0.0.1044659,12.09502981,SUCCESS, 0.0.4138717@1701636239.198132323
0.0.839006,1.65201E-05,SUCCESS, 0.0.4138717@1701636253.549049570
0.0.1285385,0.018252253,SUCCESS, 0.0.4138717@1701636261.603890400
0.0.1025874,0.480225828,SUCCESS, 0.0.4138717@1701636262.817635795
0.0.834450,0.041973647,SUCCESS, 0.0.4138717@1701636268.796760261
0.0.901004,0.273078773,SUCCESS, 0.0.4138717@1701636275.621939613
0.0.835160,0.07679758,SUCCESS, 0.0.4138717@1701636282.205318639
0.0.948513,53.17752952,SUCCESS, 0.0.4138717@1701636290.637387509
0.0.734778,0.832055677,SUCCESS, 0.0.4138717@1701636295.434185366
0.0.3870997,0.004850006,SUCCESS, 0.0.4138717@1701636300.368524922
0.0.833779,1.341805752,SUCCESS, 0.0.4138717@1701636302.184908394
0.0.833644,13.52604275,SUCCESS, 0.0.4138717@1701636312.984176525
0.0.1440806,0.002069904,SUCCESS, 0.0.4138717@1701636318.873824351
0.0.1074226,0.000539283,SUCCESS, 0.0.4138717@1701636327.239602936
0.0.859649,394.8338968,SUCCESS, 0.0.4138717@1701636331.870083812
0.0.1339713,3.199656318,SUCCESS, 0.0.4138717@1701636336.740689919
0.0.793165,0.879228562,SUCCESS, 0.0.4138717@1701636340.953247339
0.0.828928,7.65553E-05,SUCCESS, 0.0.4138717@1701636343.498251503
0.0.846260,326.2884179,SUCCESS, 0.0.4138717@1701636352.398544237
0.0.608244,4.06087E-06,SUCCESS, 0.0.4138717@1701636362.265161384
0.0.677671,333.6731863,SUCCESS, 0.0.4138717@1701636370.892484632
0.0.475962,8.159208659,SUCCESS, 0.0.4138717@1701636375.120465020
0.0.793488,0.084782655,SUCCESS, 0.0.4138717@1701636377.413191771
0.0.862821,0.17698013,SUCCESS, 0.0.4138717@1701636390.073821685
0.0.909745,5.741484234,SUCCESS, 0.0.4138717@1701636394.575270276
0.0.1144390,0.080300883,SUCCESS, 0.0.4138717@1701636400.390553739
0.0.850913,839.4951112,SUCCESS, 0.0.4138717@1701636402.553120507
0.0.1017499,10.40647856,SUCCESS, 0.0.4138717@1701636407.479221284
0.0.25547,6867.65612,SUCCESS, 0.0.4138717@1701636418.889041687
0.0.835957,0.001170517,SUCCESS, 0.0.4138717@1701636423.107709341
0.0.1454734,2.258539805,SUCCESS, 0.0.4138717@1701636432.996561974
0.0.1081410,2.287597426,SUCCESS, 0.0.4138717@1701636440.256349861
0.0.112784,113.2720269,SUCCESS, 0.0.4138717@1701636449.243854839
0.0.859565,0.004226624,SUCCESS, 0.0.4138717@1701636456.110720567
0.0.1728674,0.041166014,SUCCESS, 0.0.4138717@1701636462.667707026
0.0.832973,11.6321635,SUCCESS, 0.0.4138717@1701636466.074509434
0.0.641074,0.127690942,SUCCESS, 0.0.4138717@1701636471.650148090
0.0.919082,61.03818851,SUCCESS, 0.0.4138717@1701636475.866089582
0.0.25192,0.132968692,SUCCESS, 0.0.4138717@1701636481.781620590
0.0.707720,13.20120621,SUCCESS, 0.0.4138717@1701636486.914792207
0.0.1072900,69.77341135,SUCCESS, 0.0.4138717@1701636493.627750719
0.0.834666,176.0640246,SUCCESS, 0.0.4138717@1701636496.954337238
0.0.664844,35.78419588,SUCCESS, 0.0.4138717@1701636501.171847711
0.0.2966824,0.100398659,SUCCESS, 0.0.4138717@1701636505.450030589
0.0.132174,10.46038568,SUCCESS, 0.0.4138717@1701636516.776763960
0.0.127519,1.380118673,SUCCESS, 0.0.4138717@1701636524.530387845
0.0.832624,4.741697879,SUCCESS, 0.0.4138717@1701636531.702757051
0.0.1015670,0.050238268,SUCCESS, 0.0.4138717@1701636538.081378320
0.0.25111,31.01209385,SUCCESS, 0.0.4138717@1701636548.087618896
0.0.1050426,0.135528619,SUCCESS, 0.0.4138717@1701636556.557465828
0.0.1970853,1.10E-07,SUCCESS, 0.0.4138717@1701636561.639636143
0.0.973348,2.38842E-06,SUCCESS, 0.0.4138717@1701636566.221899580
0.0.495570,75.06763217,SUCCESS, 0.0.4138717@1701636573.443223464
0.0.1680743,227.9153053,SUCCESS, 0.0.4138717@1701636582.405697739
0.0.1076730,0.785631729,SUCCESS, 0.0.4138717@1701636586.679519041
0.0.890095,1.833520544,SUCCESS, 0.0.4138717@1701636592.882670621
0.0.850664,8.203744338,SUCCESS, 0.0.4138717@1701636598.564663795
0.0.834739,0.20985661,SUCCESS, 0.0.4138717@1701636603.143025819
0.0.785611,0.396831612,SUCCESS, 0.0.4138717@1701636611.510610450
0.0.663157,10457.91309,SUCCESS, 0.0.4138717@1701636612.344656718
0.0.3966372,0.562943273,SUCCESS, 0.0.4138717@1701636618.251772376
0.0.1261132,0.055293059,SUCCESS, 0.0.4138717@1701636623.123207740
0.0.833121,0.0337702,SUCCESS, 0.0.4138717@1701636630.434097875
0.0.846366,0.039218158,SUCCESS, 0.0.4138717@1701636634.249612558
0.0.841733,2.675804153,SUCCESS, 0.0.4138717@1701636640.096548585
0.0.653000,25.63803555,SUCCESS, 0.0.4138717@1701636646.033113709
0.0.1448131,0.002889509,SUCCESS, 0.0.4138717@1701636647.324672211
0.0.845966,494.4068509,SUCCESS, 0.0.4138717@1701636654.128367534
0.0.1264232,1.47667E-05,SUCCESS, 0.0.4138717@1701636660.912734185
0.0.3967246,0.000341813,SUCCESS, 0.0.4138717@1701636662.251378077
0.0.1497563,110.3924686,SUCCESS, 0.0.4138717@1701636665.924162504
0.0.475028,0.000879162,SUCCESS, 0.0.4138717@1701636670.855606792
0.0.994884,50.55719309,SUCCESS, 0.0.4138717@1701636679.283193156
0.0.961031,0.071036398,SUCCESS, 0.0.4138717@1701636686.108728872
0.0.1266990,0.024124579,SUCCESS, 0.0.4138717@1701636688.430221903
0.0.820667,4.439119984,SUCCESS, 0.0.4138717@1701636699.110912158
0.0.846959,0.014546284,NOT_ASSOCIATED,
0.0.576089,9.066710932,SUCCESS, 0.0.4138717@1701636703.845190408
0.0.362807,1031.534693,SUCCESS, 0.0.4138717@1701636708.322743651
0.0.794335,0.175295247,SUCCESS, 0.0.4138717@1701636710.153974800
0.0.957742,4.539189219,SUCCESS, 0.0.4138717@1701636720.623900116
0.0.105726,112.5039515,SUCCESS, 0.0.4138717@1701636730.004609276
0.0.1295327,3.20329762,SUCCESS, 0.0.4138717@1701636733.176467423
0.0.727067,0.026461273,SUCCESS, 0.0.4138717@1701636740.353766268
0.0.1512214,9.74218311,SUCCESS, 0.0.4138717@1701636743.975487698
0.0.834802,0.740905233,SUCCESS, 0.0.4138717@1701636757.684777198
0.0.1027537,18.2373029,SUCCESS, 0.0.4138717@1701636762.011652140
0.0.3197049,0.004713504,SUCCESS, 0.0.4138717@1701636764.262723427
0.0.1371549,15.16478044,SUCCESS, 0.0.4138717@1701636769.441748450
0.0.476700,538.5480415,SUCCESS, 0.0.4138717@1701636777.110911960
0.0.861372,2552.329775,SUCCESS, 0.0.4138717@1701636782.625183924
0.0.665927,77.58359404,SUCCESS, 0.0.4138717@1701636790.712407816
0.0.838254,0.152007801,SUCCESS, 0.0.4138717@1701636799.955255264
0.0.834955,14.94843214,SUCCESS, 0.0.4138717@1701636804.954572727
0.0.15819,2.62E-08,SUCCESS, 0.0.4138717@1701636811.573405826
0.0.869012,1.01851E-06,SUCCESS, 0.0.4138717@1701636816.923971473
0.0.847393,8.564661904,SUCCESS, 0.0.4138717@1701636826.873713573
0.0.915984,0.066934892,SUCCESS, 0.0.4138717@1701636832.222301417
0.0.2015440,15.32775157,SUCCESS, 0.0.4138717@1701636835.182481925
0.0.1467891,6.54419E-05,SUCCESS, 0.0.4138717@1701636843.339077935
0.0.836811,10.0044468,SUCCESS, 0.0.4138717@1701636848.122867599
0.0.875268,0.00017958,SUCCESS, 0.0.4138717@1701636855.923495549
0.0.880682,13993.00407,SUCCESS, 0.0.4138717@1701636862.181122788
0.0.988926,104606.4184,SUCCESS, 0.0.4138717@1701636863.636449022
0.0.638193,1573.523123,SUCCESS, 0.0.4138717@1701636872.442387828
0.0.2822820,119.9909326,SUCCESS, 0.0.4138717@1701636878.551522264
0.0.883477,4918.629188,SUCCESS, 0.0.4138717@1701636887.106721207
0.0.1316658,8527.762081,SUCCESS, 0.0.4138717@1701636892.604530817
0.0.3209170,283.2643991,SUCCESS, 0.0.4138717@1701636901.185137850
0.0.3910776,55.3560285,SUCCESS, 0.0.4138717@1701636909.124495092
0.0.834704,1868.661396,SUCCESS, 0.0.4138717@1701636913.903766550
0.0.1022050,23.52736644,SUCCESS, 0.0.4138717@1701636920.518187387
0.0.1082663,75.65269754,SUCCESS, 0.0.4138717@1701636927.482475793
0.0.327731,8029.073609,SUCCESS, 0.0.4138717@1701636930.978593522
0.0.837554,53.94933369,SUCCESS, 0.0.4138717@1701636940.796261234
0.0.1860200,5.757224606,SUCCESS, 0.0.4138717@1701636947.765669123
0.0.163681,3320.388221,SUCCESS, 0.0.4138717@1701636956.586818709
0.0.1222315,0.009014268,SUCCESS, 0.0.4138717@1701636961.678683841
0.0.2012489,66.43593019,SUCCESS, 0.0.4138717@1701636967.567105402
0.0.3864035,0.013247477,SUCCESS, 0.0.4138717@1701636973.248180079
0.0.695548,11.15712093,SUCCESS, 0.0.4138717@1701636980.126297413
0.0.1098162,174.0626837,SUCCESS, 0.0.4138717@1701636984.661802405
0.0.850271,37.70144319,SUCCESS, 0.0.4138717@1701636992.648373499
0.0.29723,2690.040162,SUCCESS, 0.0.4138717@1701636999.281846834
0.0.837714,17.81170285,SUCCESS, 0.0.4138717@1701637003.373654014
0.0.2105083,318.6910584,SUCCESS, 0.0.4138717@1701637009.001894054
0.0.1413650,1420.866033,SUCCESS, 0.0.4138717@1701637013.484087678
0.0.1129507,8.538259482,SUCCESS, 0.0.4138717@1701637017.985781639
0.0.699534,108.0880856,SUCCESS, 0.0.4138717@1701637025.924362564
0.0.3962292,0.31555627,SUCCESS, 0.0.4138717@1701637033.330024880
0.0.3961651,0.002831813,SUCCESS, 0.0.4138717@1701637037.882542010
0.0.3957467,0.019156551,SUCCESS, 0.0.4138717@1701637041.297313482
0.0.648609,0.011201809,SUCCESS, 0.0.4138717@1701637045.467509505
0.0.704807,1538.041635,SUCCESS, 0.0.4138717@1701637048.269321527
0.0.1383337,199.2910892,SUCCESS, 0.0.4138717@1701637054.528261514
0.0.2236552,6.48358122,SUCCESS, 0.0.4138717@1701637060.087604281
0.0.1475262,199.6984361,SUCCESS, 0.0.4138717@1701637066.756184031
0.0.1067527,293.2677968,SUCCESS, 0.0.4138717@1701637069.986243906
0.0.1106819,3534.447776,SUCCESS, 0.0.4138717@1701637074.617956249
0.0.684091,6.537932009,SUCCESS, 0.0.4138717@1701637079.998845893
0.0.288406,13747.25706,SUCCESS, 0.0.4138717@1701637083.415740908
0.0.834663,4389.223695,SUCCESS, 0.0.4138717@1701637088.675309062
0.0.789038,8.763557872,SUCCESS, 0.0.4138717@1701637100.192204119
0.0.1374868,194.1627096,SUCCESS, 0.0.4138717@1701637100.820471769
0.0.831136,163.8059425,SUCCESS, 0.0.4138717@1701637109.844484366
0.0.793607,30943.91327,SUCCESS, 0.0.4138717@1701637112.775050138
0.0.844721,56.75844797,SUCCESS, 0.0.4138717@1701637121.546433232
0.0.187153,136.520205,SUCCESS, 0.0.4138717@1701637127.632106186
0.0.3931707,52.72181657,SUCCESS, 0.0.4138717@1701637136.788119984
0.0.1503653,189.7518384,SUCCESS, 0.0.4138717@1701637139.936336542
0.0.812534,428.7385378,SUCCESS, 0.0.4138717@1701637146.267151360
0.0.3161561,38.29330763,SUCCESS, 0.0.4138717@1701637147.054152931
0.0.1497151,6204.94378,SUCCESS, 0.0.4138717@1701637156.756400352
0.0.584147,2.032814372,SUCCESS, 0.0.4138717@1701637162.512351360
0.0.657368,1.834706218,SUCCESS, 0.0.4138717@1701637167.644489192
0.0.1051402,7.283459318,SUCCESS, 0.0.4138717@1701637173.334747668
0.0.154447,85.24830397,SUCCESS, 0.0.4138717@1701637180.649679405
0.0.809667,241.7282515,SUCCESS, 0.0.4138717@1701637184.824843166
0.0.599826,0.181861016,SUCCESS, 0.0.4138717@1701637188.328886257
0.0.1420557,5.169176482,SUCCESS, 0.0.4138717@1701637194.716980550
0.0.2990530,85.35538459,SUCCESS, 0.0.4138717@1701637199.424119883
0.0.3290843,114.2455041,SUCCESS, 0.0.4138717@1701637206.657839441
0.0.1363012,2183.159719,SUCCESS, 0.0.4138717@1701637207.350189633
0.0.1517416,2.662753686,SUCCESS, 0.0.4138717@1701637221.299002651
0.0.518448,19.09030305,SUCCESS, 0.0.4138717@1701637227.003455819
0.0.830105,339.7128796,SUCCESS, 0.0.4138717@1701637231.765352690
0.0.2030667,0.566250115,SUCCESS, 0.0.4138717@1701637238.545565182
0.0.1382117,0.712425297,SUCCESS, 0.0.4138717@1701637241.599073041
0.0.1760383,38.10340313,SUCCESS, 0.0.4138717@1701637246.615459412
0.0.701923,1906.868218,SUCCESS, 0.0.4138717@1701637249.610962046
0.0.707855,7.009793836,SUCCESS, 0.0.4138717@1701637256.715511210
0.0.976136,0.045429807,SUCCESS, 0.0.4138717@1701637265.874840680
0.0.1454131,8090.646326,SUCCESS, 0.0.4138717@1701637266.685093693
0.0.848545,3.533233195,SUCCESS, 0.0.4138717@1701637275.813638711
0.0.1146286,0.0075019,SUCCESS, 0.0.4138717@1701637279.295617232
0.0.1524707,29.64015186,SUCCESS, 0.0.4138717@1701637285.124043273
0.0.1093619,3.188276602,SUCCESS, 0.0.4138717@1701637288.918093154
0.0.1454290,20.63695651,SUCCESS, 0.0.4138717@1701637296.839478731
0.0.1416857,0.000870213,SUCCESS, 0.0.4138717@1701637304.132710566
0.0.3136172,21.32663385,SUCCESS, 0.0.4138717@1701637308.591089961
0.0.712902,5.68003575,SUCCESS, 0.0.4138717@1701637311.385083653
0.0.748341,14.514979,SUCCESS, 0.0.4138717@1701637316.104121164
0.0.2968534,7.670669127,SUCCESS, 0.0.4138717@1701637321.826917727
0.0.793748,55395.81939,SUCCESS, 0.0.4138717@1701637324.314441544
0.0.9541,343.2449686,SUCCESS, 0.0.4138717@1701637332.773172856
0.0.835518,383.6746254,SUCCESS, 0.0.4138717@1701637336.639060960
0.0.828466,99.39989612,SUCCESS, 0.0.4138717@1701637342.803449884
0.0.1113616,214.144933,SUCCESS, 0.0.4138717@1701637348.474152279
0.0.845795,15.37947013,SUCCESS, 0.0.4138717@1701637356.223189673
0.0.1910250,22.78039891,SUCCESS, 0.0.4138717@1701637362.849068040
0.0.735967,1.742662124,SUCCESS, 0.0.4138717@1701637365.577291495
0.0.3965282,0.011625447,SUCCESS, 0.0.4138717@1701637368.905466761
0.0.1088394,528.5508914,SUCCESS, 0.0.4138717@1701637376.261560256
0.0.1219045,1124.574159,SUCCESS, 0.0.4138717@1701637383.288574816
0.0.1461439,1.172486342,SUCCESS, 0.0.4138717@1701637391.235991184
0.0.1510476,10.93486625,SUCCESS, 0.0.4138717@1701637395.124651259
0.0.1928351,1.375698117,SUCCESS, 0.0.4138717@1701637400.697065716
0.0.2032052,20.30508657,SUCCESS, 0.0.4138717@1701637404.767405228
0.0.1977846,0.419644937,SUCCESS, 0.0.4138717@1701637413.573109626
0.0.807622,13.63631555,SUCCESS, 0.0.4138717@1701637415.732975582
0.0.1365164,23.03610908,SUCCESS, 0.0.4138717@1701637422.919789433
0.0.836964,27.74612423,SUCCESS, 0.0.4138717@1701637429.723857540
0.0.638800,79.48498136,SUCCESS, 0.0.4138717@1701637439.564455241
0.0.3838228,2.10890611,SUCCESS, 0.0.4138717@1701637441.313291785
0.0.838127,4.610117368,SUCCESS, 0.0.4138717@1701637451.571121403
0.0.1524799,1.199229929,SUCCESS, 0.0.4138717@1701637462.158176869
0.0.1129182,7288.729004,SUCCESS, 0.0.4138717@1701637466.326241524
0.0.2299836,87734.95614,SUCCESS, 0.0.4138717@1701637472.102124700
0.0.1439540,0.103206921,SUCCESS, 0.0.4138717@1701637481.145368194
0.0.1176294,89.03022133,SUCCESS, 0.0.4138717@1701637487.663824908
0.0.833314,323.1873376,SUCCESS, 0.0.4138717@1701637493.578487955
0.0.834403,6704.79386,SUCCESS, 0.0.4138717@1701637495.858274977
0.0.175313,1.953889305,SUCCESS, 0.0.4138717@1701637503.145993864
0.0.116505,25.38182224,SUCCESS, 0.0.4138717@1701637510.138013273
0.0.3601830,173.2392121,SUCCESS, 0.0.4138717@1701637510.571749544
0.0.3637960,0.000133251,SUCCESS, 0.0.4138717@1701637515.076295578
0.0.1370631,0.162407857,SUCCESS, 0.0.4138717@1701637522.383194871
0.0.1095909,18.77367226,SUCCESS, 0.0.4138717@1701637525.017199463
0.0.1422331,74.71719615,SUCCESS, 0.0.4138717@1701637531.049798532
0.0.1386185,200.3779384,SUCCESS, 0.0.4138717@1701637535.972309159
0.0.1191723,113.4715389,SUCCESS, 0.0.4138717@1701637544.915983161
0.0.1514634,131.8552342,SUCCESS, 0.0.4138717@1701637549.802050375
0.0.3961137,65.79762869,SUCCESS, 0.0.4138717@1701637550.784393334
0.0.746955,0.091087948,SUCCESS, 0.0.4138717@1701637562.374081232
0.0.597763,1635.204207,SUCCESS, 0.0.4138717@1701637569.045208692
0.0.3853994,0.933871318,SUCCESS, 0.0.4138717@1701637572.017031675
0.0.832415,175.8026118,SUCCESS, 0.0.4138717@1701637578.372378210
0.0.1381923,1599.577193,SUCCESS, 0.0.4138717@1701637581.111266303
0.0.3947779,9008.105211,SUCCESS, 0.0.4138717@1701637585.473548653
0.0.848348,17.53431126,SUCCESS, 0.0.4138717@1701637590.885782053
0.0.1415019,0.715032461,SUCCESS, 0.0.4138717@1701637596.036526621
0.0.3846874,4.39796E-05,SUCCESS, 0.0.4138717@1701637604.803163392
0.0.836838,723.6399064,SUCCESS, 0.0.4138717@1701637611.188729841
0.0.1975350,2535.809587,SUCCESS, 0.0.4138717@1701637613.128231812
0.0.795422,57.92376926,SUCCESS, 0.0.4138717@1701637618.274581860
0.0.2288579,98.17459321,SUCCESS, 0.0.4138717@1701637628.397594991
0.0.1419240,2.840513204,SUCCESS, 0.0.4138717@1701637632.668884797
0.0.3926097,0.148323908,SUCCESS, 0.0.4138717@1701637638.310199317
0.0.3192645,207.3908846,SUCCESS, 0.0.4138717@1701637646.394422048
0.0.1516448,0.367561488,SUCCESS, 0.0.4138717@1701637652.175405682
0.0.836640,456.5105425,SUCCESS, 0.0.4138717@1701637657.781872039
0.0.3947043,8.812659701,SUCCESS, 0.0.4138717@1701637661.125602310
0.0.1734124,164.9286969,SUCCESS, 0.0.4138717@1701637667.784561098
0.0.843137,34.23036317,SUCCESS, 0.0.4138717@1701637675.148628962
0.0.3300700,0.103131799,SUCCESS, 0.0.4138717@1701637681.155360184
0.0.930345,12.89303644,SUCCESS, 0.0.4138717@1701637692.815035656
0.0.1311291,1.93264838,SUCCESS, 0.0.4138717@1701637699.735911404
0.0.283414,180.141444,SUCCESS, 0.0.4138717@1701637705.041394334
0.0.3927010,14.04604691,SUCCESS, 0.0.4138717@1701637706.350562789
0.0.1416484,15.71484783,SUCCESS, 0.0.4138717@1701637710.655388542
0.0.1507801,10.28141961,SUCCESS, 0.0.4138717@1701637716.981290086
0.0.1366713,67.46891938,SUCCESS, 0.0.4138717@1701637723.461023648
0.0.891510,3271.472994,SUCCESS, 0.0.4138717@1701637730.046736796
0.0.3259179,1.148443561,SUCCESS, 0.0.4138717@1701637733.425109960
0.0.3597846,0.51825451,SUCCESS, 0.0.4138717@1701637738.390167827
0.0.925802,1.084010287,SUCCESS, 0.0.4138717@1701637745.938891849
0.0.1934150,40.74730327,SUCCESS, 0.0.4138717@1701637750.166225680
0.0.2162993,138.3249376,SUCCESS, 0.0.4138717@1701637757.760079251
0.0.1374442,13.39930693,SUCCESS, 0.0.4138717@1701637762.039518647
0.0.1625971,4.628619441,SUCCESS, 0.0.4138717@1701637766.498792834
0.0.1317927,69.47449277,SUCCESS, 0.0.4138717@1701637766.717665092
0.0.923759,372.4494672,SUCCESS, 0.0.4138717@1701637772.180160016
0.0.1724832,0.014962404,SUCCESS, 0.0.4138717@1701637777.964262440
0.0.1738760,37.55583122,SUCCESS, 0.0.4138717@1701637788.070911672
0.0.3933990,35.79999803,SUCCESS, 0.0.4138717@1701637795.539519116
0.0.2022881,0.557328418,SUCCESS, 0.0.4138717@1701637796.559614273
0.0.1121718,0.001180677,SUCCESS, 0.0.4138717@1701637805.790094649
0.0.1270782,0.057676802,SUCCESS, 0.0.4138717@1701637807.762335292
0.0.1715671,1.115101249,SUCCESS, 0.0.4138717@1701637813.366106320
0.0.2178935,68.76452633,SUCCESS, 0.0.4138717@1701637819.517368288
0.0.1053366,2.198266242,SUCCESS, 0.0.4138717@1701637822.899809684
0.0.838625,1028.273005,SUCCESS, 0.0.4138717@1701637825.997742443
0.0.1496569,0.000611087,SUCCESS, 0.0.4138717@1701637832.592430021
0.0.481090,21.05468505,SUCCESS, 0.0.4138717@1701637838.482696602
0.0.1288450,159.7650462,SUCCESS, 0.0.4138717@1701637844.032807437
0.0.1497607,6597.601444,SUCCESS, 0.0.4138717@1701637848.490797064
0.0.659113,204.3812285,SUCCESS, 0.0.4138717@1701637852.680660915
0.0.907269,0.005632624,SUCCESS, 0.0.4138717@1701637857.203297658
0.0.1088883,0.02035788,SUCCESS, 0.0.4138717@1701637868.529379604
0.0.1457502,406.4925728,SUCCESS, 0.0.4138717@1701637873.505261877
0.0.3305404,29.71696767,SUCCESS, 0.0.4138717@1701637875.879068510
0.0.833107,2.398037887,SUCCESS, 0.0.4138717@1701637881.564681546
0.0.831187,5.036885051,SUCCESS, 0.0.4138717@1701637890.617395824
0.0.854001,0.069410975,SUCCESS, 0.0.4138717@1701637895.051074215
0.0.813137,6.256092503,SUCCESS, 0.0.4138717@1701637903.125248396
0.0.1262716,5.579794596,SUCCESS, 0.0.4138717@1701637908.222245993
0.0.3868695,266.5495667,SUCCESS, 0.0.4138717@1701637912.602383112
0.0.890408,61.50869156,SUCCESS, 0.0.4138717@1701637917.515265917
0.0.3829916,9.68587669,SUCCESS, 0.0.4138717@1701637922.245114021
0.0.859149,126.7980577,SUCCESS, 0.0.4138717@1701637931.303897100
0.0.2799604,83.71073704,SUCCESS, 0.0.4138717@1701637934.538605845
0.0.481275,6.386519898,SUCCESS, 0.0.4138717@1701637937.521678385
0.0.3276459,76.5157734,SUCCESS, 0.0.4138717@1701637946.346616569
0.0.708390,119.0114546,SUCCESS, 0.0.4138717@1701637949.141866221
0.0.1509702,61.03930178,SUCCESS, 0.0.4138717@1701637962.177035099
0.0.975200,0.465031208,SUCCESS, 0.0.4138717@1701637966.287103773
0.0.1059159,116.0671762,SUCCESS, 0.0.4138717@1701637970.778511159
0.0.1438637,4.593670619,SUCCESS, 0.0.4138717@1701637977.961927348
0.0.1464508,1.48453E-05,SUCCESS, 0.0.4138717@1701637982.264166155
0.0.1046022,15.84727724,SUCCESS, 0.0.4138717@1701637988.180840450
0.0.3872439,21.09260753,SUCCESS, 0.0.4138717@1701638000.580751355
0.0.725064,4259.506107,SUCCESS, 0.0.4138717@1701638006.836326905
0.0.1078179,0.483219273,SUCCESS, 0.0.4138717@1701638015.465762675
0.0.130148,7.923733243,SUCCESS, 0.0.4138717@1701638022.689354352
0.0.3219194,6.156007126,SUCCESS, 0.0.4138717@1701638027.208596970
0.0.963988,0.211080424,SUCCESS, 0.0.4138717@1701638027.685869119
0.0.1518335,0.001091317,SUCCESS, 0.0.4138717@1701638034.599562686
0.0.794613,31.89111356,SUCCESS, 0.0.4138717@1701638040.472496582
0.0.931165,0.304367833,SUCCESS, 0.0.4138717@1701638048.411144160
0.0.676535,3410.999008,SUCCESS, 0.0.4138717@1701638058.103723910
0.0.3968150,807.9008726,SUCCESS, 0.0.4138717@1701638060.756453974
0.0.1790857,149.2097161,SUCCESS, 0.0.4138717@1701638065.965220577
0.0.767942,0.456720232,SUCCESS, 0.0.4138717@1701638073.126095052
0.0.1057486,0.000418915,SUCCESS, 0.0.4138717@1701638079.079490317
0.0.3218088,0.549812093,SUCCESS, 0.0.4138717@1701638079.311372472
0.0.795325,131.5498246,SUCCESS, 0.0.4138717@1701638088.634561443
0.0.3967616,12.413845,NOT_ASSOCIATED,
0.0.1735540,1.131884242,SUCCESS, 0.0.4138717@1701638098.839687051
0.0.1438901,0.000556007,SUCCESS, 0.0.4138717@1701638102.773665950
0.0.947494,46.21989704,SUCCESS, 0.0.4138717@1701638110.225944568
0.0.866891,13.68428642,SUCCESS, 0.0.4138717@1701638117.285239294
0.0.1332181,1.042259533,SUCCESS, 0.0.4138717@1701638120.336927649
0.0.1985395,168.0106438,SUCCESS, 0.0.4138717@1701638125.686995814
0.0.813487,9.686111639,SUCCESS, 0.0.4138717@1701638135.003652469
0.0.1023730,0.087031884,SUCCESS, 0.0.4138717@1701638142.839048120
0.0.1528,1452.382617,SUCCESS, 0.0.4138717@1701638151.053773801
0.0.833364,9.687026964,SUCCESS, 0.0.4138717@1701638152.021726934
0.0.1339848,18.6140151,SUCCESS, 0.0.4138717@1701638158.248993903
0.0.834532,1.688012238,SUCCESS, 0.0.4138717@1701638168.761333031
0.0.814618,0.647432882,SUCCESS, 0.0.4138717@1701638171.152535221
0.0.1471371,0.108161722,SUCCESS, 0.0.4138717@1701638173.792258985
0.0.837404,48.42416701,SUCCESS, 0.0.4138717@1701638183.995946528
0.0.3910715,7.451281366,SUCCESS, 0.0.4138717@1701638191.410157823
0.0.3939496,5.565782316,SUCCESS, 0.0.4138717@1701638194.172185451
0.0.1294237,0.197643484,SUCCESS, 0.0.4138717@1701638203.300100166
0.0.1479798,47.4783247,SUCCESS, 0.0.4138717@1701638205.570404313
0.0.817963,18.70539776,SUCCESS, 0.0.4138717@1701638212.952897357
0.0.1930663,56.43743271,SUCCESS, 0.0.4138717@1701638219.677932817
0.0.1094369,1.682144214,SUCCESS, 0.0.4138717@1701638223.626423958
0.0.1307751,0.16512277,SUCCESS, 0.0.4138717@1701638230.371840489
0.0.1365008,0.013659244,SUCCESS, 0.0.4138717@1701638234.922117201
0.0.1101540,401.067468,SUCCESS, 0.0.4138717@1701638239.234651254
0.0.1500994,0.67393747,SUCCESS, 0.0.4138717@1701638247.172660211
0.0.1428736,28.11334414,SUCCESS, 0.0.4138717@1701638255.040376881
0.0.956549,1.382970388,SUCCESS, 0.0.4138717@1701638263.026072697
0.0.3205653,4.577030989,SUCCESS, 0.0.4138717@1701638269.556564839
0.0.1305838,44.11936818,SUCCESS, 0.0.4138717@1701638273.975360391
0.0.1095780,0.068257166,SUCCESS, 0.0.4138717@1701638285.186215426
0.0.3942263,6.377661342,SUCCESS, 0.0.4138717@1701638288.242952776
0.0.1067376,70.03049501,SUCCESS, 0.0.4138717@1701638292.552046564
0.0.505479,0.002742473,SUCCESS, 0.0.4138717@1701638298.997532344
0.0.2917929,0.503114087,SUCCESS, 0.0.4138717@1701638307.473774543
0.0.1341637,0.014377491,SUCCESS, 0.0.4138717@1701638314.563474885
0.0.1083493,201.4981018,SUCCESS, 0.0.4138717@1701638321.558469553
0.0.1284263,14.62702489,SUCCESS, 0.0.4138717@1701638321.277349835
0.0.2759276,0.473324707,SUCCESS, 0.0.4138717@1701638331.394763190
0.0.1989733,6.476099698,SUCCESS, 0.0.4138717@1701638333.542371079
0.0.926064,988.21254,SUCCESS, 0.0.4138717@1701638340.417452415
0.0.1082181,2.885380407,SUCCESS, 0.0.4138717@1701638343.373627904
0.0.839408,0.007877287,SUCCESS, 0.0.4138717@1701638351.957555039
0.0.2288443,0.062324224,SUCCESS, 0.0.4138717@1701638362.894534206
0.0.1504386,43.1829369,SUCCESS, 0.0.4138717@1701638368.954371796
0.0.867190,0.003195709,SUCCESS, 0.0.4138717@1701638375.733436536
0.0.747413,10.85295801,SUCCESS, 0.0.4138717@1701638384.748992701
0.0.835812,0.385154635,SUCCESS, 0.0.4138717@1701638390.496145975
0.0.850980,1.170177872,SUCCESS, 0.0.4138717@1701638395.229797041
0.0.1057455,17.12063299,SUCCESS, 0.0.4138717@1701638397.698074428
0.0.1339478,172.8759174,SUCCESS, 0.0.4138717@1701638408.065922997
0.0.3702565,0.250838179,SUCCESS, 0.0.4138717@1701638410.045962490
0.0.849140,35.38154699,SUCCESS, 0.0.4138717@1701638418.591658680
0.0.1703452,41.44456517,SUCCESS, 0.0.4138717@1701638422.752705982
0.0.3044670,27.52471521,SUCCESS, 0.0.4138717@1701638424.226220863
0.0.835940,95.43681748,SUCCESS, 0.0.4138717@1701638432.569773228
0.0.839840,3.546735306,SUCCESS, 0.0.4138717@1701638437.058910612
0.0.1508105,11.44784858,SUCCESS, 0.0.4138717@1701638441.460166906
0.0.2116956,102.9084132,SUCCESS, 0.0.4138717@1701638449.388207021
0.0.1130645,485.766379,SUCCESS, 0.0.4138717@1701638454.877326923
0.0.142155,5.717412839,SUCCESS, 0.0.4138717@1701638464.495139676
0.0.1431498,48.38183417,SUCCESS, 0.0.4138717@1701638469.199451941
0.0.401124,149.4464725,SUCCESS, 0.0.4138717@1701638471.672817979
0.0.1407959,6.92763185,SUCCESS, 0.0.4138717@1701638478.340210550
0.0.683607,9228.332717,SUCCESS, 0.0.4138717@1701638483.667316962
0.0.1096514,387.2995948,SUCCESS, 0.0.4138717@1701638487.233457887
0.0.1322328,0.022130794,SUCCESS, 0.0.4138717@1701638491.845588313
0.0.2010472,39.00824753,SUCCESS, 0.0.4138717@1701638499.054199109
0.0.2214365,51.39762914,SUCCESS, 0.0.4138717@1701638503.700856348
0.0.2022247,29.7039603,SUCCESS, 0.0.4138717@1701638505.043431372
0.0.3293807,52.57039609,SUCCESS, 0.0.4138717@1701638512.419491349
0.0.1233716,55.26367147,NOT_ASSOCIATED,
0.0.1236510,3.069639741,SUCCESS, 0.0.4138717@1701638513.912313115
0.0.1000668,716.3835458,SUCCESS, 0.0.4138717@1701638522.546145778
0.0.1384037,37.66481263,SUCCESS, 0.0.4138717@1701638526.909163863
0.0.835250,7.662578665,SUCCESS, 0.0.4138717@1701638531.865560832
0.0.1410798,1556.008353,SUCCESS, 0.0.4138717@1701638534.774246419
0.0.908202,11.38418275,SUCCESS, 0.0.4138717@1701638540.233840445
0.0.1180077,4.250736501,SUCCESS, 0.0.4138717@1701638543.527437016
0.0.827626,60.53631438,SUCCESS, 0.0.4138717@1701638554.372594695
0.0.3974726,9.045134246,NOT_ASSOCIATED,
0.0.885576,32.56153687,SUCCESS, 0.0.4138717@1701638561.548679021
0.0.1735297,3922.810852,SUCCESS, 0.0.4138717@1701638565.012548215
0.0.842464,0.906499745,SUCCESS, 0.0.4138717@1701638569.339582886
0.0.1033923,177.5387669,SUCCESS, 0.0.4138717@1701638571.296099150
0.0.1285288,79.5541821,SUCCESS, 0.0.4138717@1701638577.990477604
0.0.2034162,637.3195014,SUCCESS, 0.0.4138717@1701638587.030164605
0.0.1493934,62.73314988,SUCCESS, 0.0.4138717@1701638591.985977105
0.0.689970,577.7302234,SUCCESS, 0.0.4138717@1701638602.131170053
0.0.1177106,6.226137498,SUCCESS, 0.0.4138717@1701638604.274423099
0.0.3248181,7668.582457,SUCCESS, 0.0.4138717@1701638613.344933507
0.0.1068370,7401.869992,SUCCESS, 0.0.4138717@1701638614.721970016
0.0.839983,23.93904282,SUCCESS, 0.0.4138717@1701638621.963068646
0.0.1472060,104.2891965,SUCCESS, 0.0.4138717@1701638630.187469330
0.0.839530,265.3220147,SUCCESS, 0.0.4138717@1701638634.281410767
0.0.753769,0.006434322,SUCCESS, 0.0.4138717@1701638642.753153387
0.0.1076735,0.026942488,SUCCESS, 0.0.4138717@1701638647.584041220
0.0.3507586,450.3271538,SUCCESS, 0.0.4138717@1701638658.704920793
0.0.1290358,8841.400606,SUCCESS, 0.0.4138717@1701638664.207235300
0.0.1388980,299.7051217,SUCCESS, 0.0.4138717@1701638669.190672954
0.0.836214,9.507768241,SUCCESS, 0.0.4138717@1701638674.813445797
0.0.817883,7.19013355,SUCCESS, 0.0.4138717@1701638677.501876000
0.0.3966137,99.98942862,NOT_ASSOCIATED,
0.0.979379,5794.87239,SUCCESS, 0.0.4138717@1701638682.308052976
0.0.1424822,0.038241926,SUCCESS, 0.0.4138717@1701638689.092866420
0.0.1320403,30.37176554,SUCCESS, 0.0.4138717@1701638694.178461246
0.0.1872027,26813.67788,SUCCESS, 0.0.4138717@1701638699.814930024
0.0.765351,146.5732185,SUCCESS, 0.0.4138717@1701638710.107771969
0.0.1372987,20.40662859,SUCCESS, 0.0.4138717@1701638714.837920250
0.0.1443110,0.016207927,SUCCESS, 0.0.4138717@1701638722.392154481
0.0.1070811,0.775548502,SUCCESS, 0.0.4138717@1701638722.958817655
0.0.1375637,45.74741802,SUCCESS, 0.0.4138717@1701638730.838374105
0.0.792890,64.68284806,SUCCESS, 0.0.4138717@1701638733.958935978
0.0.1476413,298.521728,SUCCESS, 0.0.4138717@1701638742.414800662
0.0.1094217,20514.08457,SUCCESS, 0.0.4138717@1701638746.840457459
0.0.2156070,336.0438303,SUCCESS, 0.0.4138717@1701638748.763082037
0.0.834820,17.24182232,SUCCESS, 0.0.4138717@1701638754.157543101
0.0.1039861,1276.69859,SUCCESS, 0.0.4138717@1701638756.133577561
0.0.1234025,0.01458203,SUCCESS, 0.0.4138717@1701638763.139991684
0.0.3712323,255.8871094,SUCCESS, 0.0.4138717@1701638768.874056325
0.0.1088326,1348.838521,SUCCESS, 0.0.4138717@1701638772.299970040
0.0.688890,0.053288826,SUCCESS, 0.0.4138717@1701638781.566612655
0.0.860438,31738.59213,SUCCESS, 0.0.4138717@1701638785.228327618
0.0.833658,308.8662293,SUCCESS, 0.0.4138717@1701638788.381274615
0.0.867425,1309.073871,SUCCESS, 0.0.4138717@1701638793.972919120
0.0.859541,491.5859884,SUCCESS, 0.0.4138717@1701638803.289450396
0.0.671226,70628.85274,SUCCESS, 0.0.4138717@1701638806.205231405
0.0.2162493,429.3989444,SUCCESS, 0.0.4138717@1701638809.365452500
0.0.1465117,468.6507234,SUCCESS, 0.0.4138717@1701638816.040781842
0.0.1464633,5985.669973,SUCCESS, 0.0.4138717@1701638818.441660775
0.0.1086481,40.85694114,SUCCESS, 0.0.4138717@1701638825.069561252
0.0.1198079,549.7690008,SUCCESS, 0.0.4138717@1701638836.421166674
0.0.3748279,51.64740765,SUCCESS, 0.0.4138717@1701638845.437713924
0.0.1075051,164.859518,SUCCESS, 0.0.4138717@1701638845.867267003
0.0.997927,0.380994543,SUCCESS, 0.0.4138717@1701638851.401084874
0.0.831704,2485.388027,SUCCESS, 0.0.4138717@1701638855.966787703
0.0.2014278,3056.621039,SUCCESS, 0.0.4138717@1701638862.997910924
0.0.842843,74.10894491,SUCCESS, 0.0.4138717@1701638868.126759515
0.0.1065761,190.9176625,SUCCESS, 0.0.4138717@1701638876.643367929
0.0.1388678,0.064842265,SUCCESS, 0.0.4138717@1701638880.783987305
0.0.867358,2649.460157,SUCCESS, 0.0.4138717@1701638887.748964468
0.0.1093567,85.33207265,SUCCESS, 0.0.4138717@1701638892.677991156
0.0.945751,9161.039569,SUCCESS, 0.0.4138717@1701638895.644253375
0.0.1102367,85.44320836,SUCCESS, 0.0.4138717@1701638903.138476298
0.0.858646,21.508667,SUCCESS, 0.0.4138717@1701638904.810591806
0.0.3307992,4.674383303,SUCCESS, 0.0.4138717@1701638909.646491724
0.0.3916002,56.29449684,SUCCESS, 0.0.4138717@1701638919.872713803
0.0.153921,170.9267415,NOT_ASSOCIATED,
0.0.1093866,4.966630889,SUCCESS, 0.0.4138717@1701638922.895148202
0.0.835690,28939.681,SUCCESS, 0.0.4138717@1701638928.929680878
0.0.846626,0.000120586,SUCCESS, 0.0.4138717@1701638937.263966282
0.0.3925109,13.15792894,SUCCESS, 0.0.4138717@1701638942.270319580
0.0.481717,126.5278565,SUCCESS, 0.0.4138717@1701638943.177616097
0.0.321213,0.000440326,SUCCESS, 0.0.4138717@1701638948.867677333
0.0.1367712,0.141393792,SUCCESS, 0.0.4138717@1701638957.435170029
0.0.1518649,0.769661769,SUCCESS, 0.0.4138717@1701638959.123919016
0.0.831944,6.89078E-05,SUCCESS, 0.0.4138717@1701638965.204497434
0.0.1347825,1001.149845,SUCCESS, 0.0.4138717@1701638969.424693329
0.0.1427613,39.86752695,SUCCESS, 0.0.4138717@1701638976.671290001
0.0.1457190,0.001166554,SUCCESS, 0.0.4138717@1701638977.460682442
0.0.840160,39.03798905,SUCCESS, 0.0.4138717@1701638982.735419793
0.0.841449,4036.585493,SUCCESS, 0.0.4138717@1701638992.588981136
0.0.844544,269.7699726,SUCCESS, 0.0.4138717@1701638997.567514363
0.0.1418398,0.003979395,SUCCESS, 0.0.4138717@1701639003.412439889
0.0.1279148,1425.031612,SUCCESS, 0.0.4138717@1701639009.503058552
0.0.1411460,1.955633879,SUCCESS, 0.0.4138717@1701639018.843154633
0.0.1099467,0.493878847,SUCCESS, 0.0.4138717@1701639022.622356766
0.0.712154,271.9166876,SUCCESS, 0.0.4138717@1701639023.068158537
0.0.1389736,36.92756399,SUCCESS, 0.0.4138717@1701639028.335014492
0.0.4044502,90.68137805,NOT_ASSOCIATED,
0.0.3974888,13.30961848,SUCCESS, 0.0.4138717@1701639037.325740058
0.0.3959590,2.485190267,NOT_ASSOCIATED,
0.0.1432019,0.001527763,SUCCESS, 0.0.4138717@1701639039.867223694
0.0.1709148,7.505798469,SUCCESS, 0.0.4138717@1701639045.984390961
0.0.1582,55.08889381,SUCCESS, 0.0.4138717@1701639052.661270218
0.0.4105505,1212.966614,SUCCESS, 0.0.4138717@1701639056.304847674
0.0.845626,17693.21302,SUCCESS, 0.0.4138717@1701639065.543824553
0.0.654307,26.34575454,SUCCESS, 0.0.4138717@1701639072.342663409
0.0.1316556,11.95998363,SUCCESS, 0.0.4138717@1701639080.312876011
0.0.1127445,9.416357143,SUCCESS, 0.0.4138717@1701639090.858021367
0.0.1361977,499.3612118,SUCCESS, 0.0.4138717@1701639095.737633418
0.0.1714773,28.8332171,SUCCESS, 0.0.4138717@1701639101.414861593
0.0.1421561,0.313909505,SUCCESS, 0.0.4138717@1701639107.623220629
0.0.4105428,1.384513835,NOT_ASSOCIATED,
0.0.2302824,43.84197575,SUCCESS, 0.0.4138717@1701639112.493563542
0.0.1073706,32.46500783,SUCCESS, 0.0.4138717@1701639122.884962243
0.0.2164451,0.069023983,SUCCESS, 0.0.4138717@1701639125.502745216
0.0.1425322,0.000681505,SUCCESS, 0.0.4138717@1701639131.654494949
0.0.1501041,2597.900241,SUCCESS, 0.0.4138717@1701639136.684935970
0.0.848694,658.6220878,SUCCESS, 0.0.4138717@1701639141.312439552
0.0.1106129,5123.376689,SUCCESS, 0.0.4138717@1701639144.586542540
0.0.1001196,4091.234158,SUCCESS, 0.0.4138717@1701639155.905461885
0.0.1268672,903.7077507,SUCCESS, 0.0.4138717@1701639157.943694429
0.0.2994397,858.3335168,SUCCESS, 0.0.4138717@1701639164.886902859
0.0.6279,4683.791032,SUCCESS, 0.0.4138717@1701639167.906052175
0.0.1413017,8145.348001,SUCCESS, 0.0.4138717@1701639170.099115549
0.0.1314969,47.10182302,SUCCESS, 0.0.4138717@1701639179.050485451
0.0.1078514,27.00802003,SUCCESS, 0.0.4138717@1701639181.622626808
0.0.1248301,0.190439042,SUCCESS, 0.0.4138717@1701639187.384159925
0.0.638522,0.006482617,SUCCESS, 0.0.4138717@1701639191.890051982
0.0.124629,2146.583826,SUCCESS, 0.0.4138717@1701639198.999543828
0.0.3101127,341.8877583,SUCCESS, 0.0.4138717@1701639203.871848153
0.0.1140907,0.000644755,SUCCESS, 0.0.4138717@1701639207.510464226
0.0.2085108,4.090146769,SUCCESS, 0.0.4138717@1701639214.885705548
0.0.793111,23693.38593,SUCCESS, 0.0.4138717@1701639217.853282707
0.0.578473,171.6450201,SUCCESS, 0.0.4138717@1701639222.571177309
0.0.1155168,1826.43446,SUCCESS, 0.0.4138717@1701639232.477480580
0.0.2879822,0.003006981,NOT_ASSOCIATED,
0.0.1989161,871.1100529,NOT_ASSOCIATED,
0.0.2384096,5208.065333,SUCCESS, 0.0.4138717@1701639242.855687192
0.0.3241044,92.98624978,SUCCESS, 0.0.4138717@1701639244.179459897
0.0.850732,813.7279619,SUCCESS, 0.0.4138717@1701639251.759549608
0.0.1279468,2.426646904,SUCCESS, 0.0.4138717@1701639255.258999589
0.0.1517175,66.96274993,NOT_ASSOCIATED,
0.0.690932,0.005147468,SUCCESS, 0.0.4138717@1701639264.141476622
0.0.1381562,470.0409852,SUCCESS, 0.0.4138717@1701639276.074751179
0.0.2595,2788.932501,SUCCESS, 0.0.4138717@1701639283.711393945
0.0.2012848,58.51952666,SUCCESS, 0.0.4138717@1701639283.817005808
0.0.24697,1150.93724,SUCCESS, 0.0.4138717@1701639289.357274386
0.0.858310,214.1108341,SUCCESS, 0.0.4138717@1701639296.931000571
0.0.3968715,4.655273012,SUCCESS, 0.0.4138717@1701639299.165580517
0.0.3946962,26.54027538,SUCCESS, 0.0.4138717@1701639309.448287831
0.0.1999999,1.852480016,SUCCESS, 0.0.4138717@1701639316.796695538
0.0.3990380,0.545904109,SUCCESS, 0.0.4138717@1701639325.128738195
0.0.822962,1233.314175,SUCCESS, 0.0.4138717@1701639330.799247075
0.0.1667959,109.8742047,SUCCESS, 0.0.4138717@1701639338.901572479
0.0.3111710,1199.250361,SUCCESS, 0.0.4138717@1701639345.046171867
0.0.3276109,3.389942131,SUCCESS, 0.0.4138717@1701639354.971528440
0.0.896352,2178.07464,SUCCESS, 0.0.4138717@1701639359.243938302
0.0.1386441,143.7056055,SUCCESS, 0.0.4138717@1701639363.408898250
0.0.857845,134.4773714,SUCCESS, 0.0.4138717@1701639370.280087582
0.0.2082077,0.132366539,SUCCESS, 0.0.4138717@1701639375.411785746
0.0.851606,0.460153509,SUCCESS, 0.0.4138717@1701639377.887848198
0.0.2990959,0.313333121,SUCCESS, 0.0.4138717@1701639384.751753553
0.0.2032456,85.83125345,SUCCESS, 0.0.4138717@1701639391.000951024
0.0.2017574,2.721950487,SUCCESS, 0.0.4138717@1701639397.095266481
0.0.849106,62.43583949,SUCCESS, 0.0.4138717@1701639401.848545726
0.0.837852,14.960403,SUCCESS, 0.0.4138717@1701639408.004434777
0.0.1279340,5.51601054,SUCCESS, 0.0.4138717@1701639413.799305506
0.0.1076532,0.519792754,SUCCESS, 0.0.4138717@1701639422.522016641
0.0.737727,14.15290717,SUCCESS, 0.0.4138717@1701639424.884803199
0.0.3281677,1.34384046,SUCCESS, 0.0.4138717@1701639428.179946467
,1600000.000,,